{
  "productName": "Trasers",
  "directories": {
    "output": "app-builds"
  },
    "files": [
        "**/*",
        "!*.ts",
        "!*.code-workspace",
        "!LICENSE.md",
        "!package.json",
        "!package-lock.json",
        "!src/",
        "!e2e/",
        "!hooks/",
        "!.angular-cli.json",
        "!_config.yml",
        "!karma.conf.js",
        "!tsconfig.json",
        "!tslint.json"
    ],
    "extraResources": [
      "app-update.yml"
    ],
  "nsis": {
    "artifactName": "${productName}.${ext}",
    "installerIcon": "src/favicon.256x256.ico",
    "uninstallerIcon": "src/favicon.256x256.ico",
    "installerHeader": "src/favicon.256x256.ico",
    "installerHeaderIcon": "src/favicon.256x256.ico",
    "oneClick": true,
    "allowToChangeInstallationDirectory": false,
    "createDesktopShortcut": true,
    "createStartMenuShortcut": true,
    "runAfterFinish": true,
    "deleteAppDataOnUninstall":true,
    "publish": {
      "provider": "generic",
      "url": "https://prodtrasersbucket.s3.amazonaws.com/apps/Windows/",
      "channel": "latest",
      "publishAutoUpdate": true
    }
  },
  "mac": {
    "icon": "src/favicon.256x256.ico",
    "target": [
      "dmg"
    ]
  },
  "linux": {
    "icon": "dist",
    "target": [
      "AppImage"
    ]
  }
}
