{
  "name": "Trasers",
  "version": "1.0.15",
  "description": "Trasers mac version",
  "author": "Trasers",
  "main": "main.js",
  "scripts": {
    "start": "npm-run-all -p ng:serve electron:serve",
    "ng:serve": "ng serve -o",
    "electron:serve": "wait-on http-get://localhost:4200/ && npm run electron:tsc && electron . --serve",
    "build": "node hooks/environments/set_profile.js && ng build --prod && npm run electron:tsc && node_modules/.bin/build --mac --x64 --ia32",
    "electron:tsc": "tsc main.ts"
  },
  "devDependencies": {
    "electron": "^1.4.15",
    "electron-builder": "^12.3.1",
    "electron-packager": "^12.1.1",
    "electron-reload": "1.2.2",
    "@angular/cli": "1.7.4",
    "@angular/common": "5.2.9",
    "@angular/compiler": "5.2.9",
    "@angular/compiler-cli": "5.2.9",
    "@angular/core": "5.2.9",
    "@angular/forms": "5.2.9",
    "@angular/http": "5.2.9",
    "@angular/language-service": "5.2.9",
    "@angular/platform-browser": "5.2.9",
    "@angular/platform-browser-dynamic": "5.2.9",
    "@angular/router": "5.2.9",
    "@ngx-translate/core": "9.1.1",
    "@ngx-translate/http-loader": "2.0.1",
    "@types/jasmine": "2.8.6",
    "@types/jasminewd2": "2.0.3",
    "jasmine-core": "2.99.1",
    "jasmine-spec-reporter": "4.2.1",
    "karma": "2.0.0",
    "karma-chrome-launcher": "2.2.0",
    "karma-coverage-istanbul-reporter": "1.4.2",
    "karma-jasmine": "1.1.1",
    "karma-jasmine-html-reporter": "0.2.2",
    "@types/core-js": "0.9.36",
    "@types/node": "7.0.7",
    "auto-launch": "5.0.5",
    "codelyzer": "4.2.1",
    "core-js": "2.5.5",
    "cross-env": "5.1.4",
    "dotenv": "5.0.1",
    "fs-extra": "5.0.0",
    "npm-run-all": "4.1.2",
    "npx": "^10.2.0",
    "pdfjs-dist": "2.0.489",
    "protractor": "^5.4.0",
    "replace": "0.3.0",
    "rxjs": "5.5.8",
    "ts-node": "4.1.0",
    "tslint": "5.9.1",
    "typescript": "2.6.2",
    "wait-on": "2.1.0",
    "webdriver-manager": "12.0.6",
    "ngx-childprocess": "0.0.6",
    "zone.js": "0.8.26"
  },
  "dependencies": {
    "@agm/core": "1.0.0-beta.2",
    "agm-direction": "^0.7.3",
    "app-builder-lib": "^20.28.4",
    "child_process": "^1.0.2",
    "node-sass": "^4.9.3",
    "jquery": "^3.3.1",
    "ngx-ui-loader": "^1.2.5",
    "websql": "^1.0.0",
    "electron-log": "^1.3.0",
    "electron-updater": "^1.4.2"
  },
  "build": {
    "directories": {
      "buildResources": "build_mac",
      "output": "app-builds"
    },
    "extraResources": [
      "dist"
    ],
    "publish": [
      {
        "provider": "generic",
        "url": "https://prodtrasersbucket.s3.amazonaws.com/apps/Macintosh/"
      }
    ],
    "appId": "com.generic.trasers.vmac",
    "mac": {
      "category": "com.trasers.category.mac",
      "target": [
        "zip",
        "dmg"
      ]
    },
    "nsis": {
      "perMachine": true
    }
  }
}
